month,orders,avg_basket_value,gross_margin,margin_pct
2024-09,12,106.28,538.24,42.2
2024-10,33,147.51,2056.19,42.24
2024-11,50,119.3,2507.26,42.03
2024-12,64,107.51,2859.44,41.56
2025-01,113,130.72,6206.99,42.02
2025-02,112,130.12,6194.14,42.5
2025-03,144,123.6,7471.25,41.98
2025-04,171,119.25,8576.84,42.06
2025-05,202,123.37,10533.94,42.27
2025-06,236,119.44,11738.2,41.64
2025-07,292,119.31,14709.86,42.22
2025-08,293,124.69,15362.99,42.05
2025-09,353,111.68,16543.13,41.96
2025-10,394,121.54,20124.13,42.02
2025-11,444,116.25,21667.31,41.98
2025-12,488,122.57,25276.7,42.26
2026-01,563,123.55,29420.2,42.29
2026-02,572,122.34,29342.37,41.93
2026-03,739,121.78,37704.63,41.9
2026-04,784,121.03,39700.87,41.84
2026-05,905,119.9,45558.3,41.99
2026-06,1098,121.2,55765.06,41.91
2026-07,1348,122.21,68875.24,41.81
2026-08,2020,124.67,105819.48,42.02
