threshold,precision,recall,f1
0.05,0.2495,0.9739,0.3973
0.06,0.2601,0.959,0.4092
0.07,0.2696,0.9478,0.4198
0.08,0.2777,0.9254,0.4272
0.09,0.2855,0.9142,0.4352
0.1,0.2925,0.8993,0.4414
0.11,0.3001,0.8881,0.4486
0.12,0.3083,0.8731,0.4557
0.13,0.3183,0.8694,0.466
0.14,0.3244,0.8545,0.4702
0.15,0.3363,0.847,0.4814
0.16,0.3411,0.8209,0.4819
0.17,0.3459,0.7873,0.4806
0.18,0.3545,0.7724,0.4859
0.19,0.3696,0.7724,0.5
0.2,0.3807,0.75,0.505
0.21,0.3889,0.7313,0.5078
0.22,0.4004,0.7127,0.5128
0.23,0.4139,0.709,0.5227
0.24,0.4256,0.694,0.5277
0.25,0.4368,0.6828,0.5328
0.26,0.4425,0.6604,0.5299
0.27,0.4514,0.6418,0.53
0.28,0.4597,0.6381,0.5344
0.29,0.4759,0.6269,0.5411
0.3,0.4896,0.6157,0.5455
0.31,0.4939,0.6007,0.5421
0.32,0.4935,0.5672,0.5278
0.33,0.5053,0.5373,0.5208
0.34,0.5109,0.5224,0.5166
0.35,0.5287,0.5149,0.5217
0.36,0.5339,0.5,0.5164
0.37,0.5369,0.4888,0.5117
0.38,0.5565,0.4776,0.5141
0.39,0.5605,0.4664,0.5092
0.4,0.5602,0.4515,0.5
0.41,0.564,0.444,0.4969
0.42,0.5808,0.4291,0.4936
0.43,0.5889,0.3955,0.4732
0.44,0.5868,0.3657,0.4506
0.45,0.5806,0.3358,0.4255
0.46,0.5745,0.3022,0.3961
0.47,0.5846,0.2836,0.3819
0.48,0.5833,0.2612,0.3608
0.49,0.5926,0.2388,0.3404
0.5,0.581,0.2276,0.3271
0.51,0.602,0.2201,0.3224
0.52,0.6207,0.2015,0.3042
0.53,0.6447,0.1828,0.2849
0.54,0.6377,0.1642,0.2611
0.55,0.625,0.1493,0.241
0.56,0.6207,0.1343,0.2209
0.57,0.625,0.1306,0.216
0.58,0.6226,0.1231,0.2056
0.59,0.625,0.1119,0.1899
0.6,0.619,0.097,0.1677
0.61,0.5789,0.0821,0.1438
0.62,0.5882,0.0746,0.1325
0.63,0.6071,0.0634,0.1149
0.64,0.6,0.0448,0.0833
0.65,0.6111,0.041,0.0769
0.66,0.6471,0.041,0.0772
0.67,0.6,0.0336,0.0636
0.68,0.6667,0.0299,0.0571
0.69,0.6667,0.0224,0.0433
0.7,0.7143,0.0187,0.0364
0.71,0.8,0.0149,0.0293
0.72,0.8,0.0149,0.0293
0.73,0.75,0.0112,0.0221
0.74,0.6667,0.0075,0.0148
0.75,0.6667,0.0075,0.0148
0.76,0.5,0.0037,0.0074
0.77,0.0,0.0,0.0
0.78,0.0,0.0,0.0
0.79,0.0,0.0,0.0
0.8,0.0,0.0,0.0
0.81,0.0,0.0,0.0
0.82,0.0,0.0,0.0
0.83,0.0,0.0,0.0
0.84,0.0,0.0,0.0
0.85,0.0,0.0,0.0
0.86,0.0,0.0,0.0
0.87,0.0,0.0,0.0
0.88,0.0,0.0,0.0
0.89,0.0,0.0,0.0
0.9,0.0,0.0,0.0
0.91,0.0,0.0,0.0
0.92,0.0,0.0,0.0
0.93,0.0,0.0,0.0
0.94,0.0,0.0,0.0
0.95,0.0,0.0,0.0
